ISIN;Nom;Symbole;Type;Marché(s);Devise;Pays_émission;PEA_indicatif;ESG_classification;Source;Date_MAJ
BE0003736502;KBC BUS.BEL.EQ.-SV;KBCB;OPCVM;Euronext Brussels;EUR;BE;OUI;;Euronext;2026-08-04
BE0003751659;KBC BUS.EUR.EQ.-SV;KBEE;OPCVM;Euronext Brussels;EUR;BE;OUI;;Euronext;2026-08-04
IE000FW9A4J6;PLURIMA APUANO BON;PLAFBL;OPCVM;ATFund Instruments;EUR;IE;OUI;;Euronext;2026-08-04
IE000R9RIBW8;NJ INDO SMALL SDG;NJINDO;OPCVM;ATFund Instruments;EUR;IE;OUI;;Euronext;2026-08-04
IE000ROCQO77;NICHEJUNGLE KOREA;NJKOR;OPCVM;ATFund Instruments;EUR;IE;OUI;;Euronext;2026-08-04
IE000Y50XF14;NICHEJUNGLE JAPAN;NJJAP;OPCVM;ATFund Instruments;EUR;IE;OUI;;Euronext;2026-08-04
IE00BVDPXK98;PLURIMA STRATEGY;PPSPOF;OPCVM;ATFund Instruments;EUR;IE;OUI;;Euronext;2026-08-04
IT0005090870;ACOMEA BREVE TERM;ACABRT;OPCVM;ATFund Instruments;EUR;IT;OUI;;Euronext;2026-08-04
IT0005090912;ACOMEA PERFORMANCE;ACAPER;OPCVM;ATFund Instruments;EUR;IT;OUI;;Euronext;2026-08-04
IT0005091084;ACOMEA DINAMICA GL;ACAAGG;OPCVM;ATFund Instruments;EUR;IT;OUI;;Euronext;2026-08-04
IT0005091100;ACOMEA GLOBALE;ACAGLO;OPCVM;ATFund Instruments;EUR;IT;OUI;;Euronext;2026-08-04
IT0005091126;ACOMEA EMERGING Q2;ACAPEM;OPCVM;ATFund Instruments;EUR;IT;OUI;;Euronext;2026-08-04
IT0005091183;ACOMEA ASIA PACIF;ACAAPA;OPCVM;ATFund Instruments;EUR;IT;OUI;;Euronext;2026-08-04
IT0005091233;ACOMEA PM ESG;ACAITA;OPCVM;ATFund Instruments;EUR;IT;OUI;;Euronext;2026-08-04
IT0005114530;8A+ EIGER;8AECQ;OPCVM;ATFund Instruments;EUR;IT;OUI;;Euronext;2026-08-04
IT0005252801;ACOMEA PATRIMONIO;ACAESE;OPCVM;ATFund Instruments;EUR;IT;OUI;;Euronext;2026-08-04
IT0005279515;OPEN CAPITAL TR;OCPTR;OPCVM;ATFund Instruments;EUR;IT;OUI;;Euronext;2026-08-04
IT0005279572;OTF BOND;OTFBND;OPCVM;ATFund Instruments;EUR;IT;OUI;;Euronext;2026-08-04
IT0005279630;OTF Europe Balance;OTFEUB;OPCVM;ATFund Instruments;EUR;IT;OUI;;Euronext;2026-08-04
IT0005279697;OTF OPPORTUNITY;OTFOPP;OPCVM;ATFund Instruments;EUR;IT;OUI;;Euronext;2026-08-04
IT0005279754;OPEN CAPITAL PROF;OCPPI;OPCVM;ATFund Instruments;EUR;IT;OUI;;Euronext;2026-08-04
LU0237484448;WPSH EUR;WPSEU;OPCVM;Euronext Amsterdam;EUR;LU;OUI;;Euronext;2026-08-04
LU0237485098;WP STEWART HOLD FD;WPSH;OPCVM;Euronext Amsterdam;USD;LU;OUI;;Euronext;2026-08-04
LU1136401384;PHARUS LIQUIDITY;PHSLQ;OPCVM;ATFund Instruments;EUR;LU;OUI;;Euronext;2026-08-04
LU1136401467;PHARUS SICAV_CONS;PHSARQ;OPCVM;ATFund Instruments;EUR;LU;OUI;;Euronext;2026-08-04
LU1136402192;PHARUS EQUITY LEAD;PHSIEQ;OPCVM;ATFund Instruments;EUR;LU;OUI;;Euronext;2026-08-04
LU1136402432;PHARUS TARGET;PHSTQ;OPCVM;ATFund Instruments;EUR;LU;OUI;;Euronext;2026-08-04
LU1136402788;SAFE SICAV-SAFE DY;PHSAFQ;OPCVM;ATFund Instruments;EUR;LU;OUI;;Euronext;2026-08-04
LU1148873406;NEW MILLENNIUM EUR;NMEE;OPCVM;ATFund Instruments;EUR;LU;OUI;;Euronext;2026-08-04
LU1148873588;NEW MILLENNIUM EQ;NMGE;OPCVM;ATFund Instruments;EUR;LU;OUI;;Euronext;2026-08-04
LU1148873661;NEW MILLENNIUM EUR;NMEBST;OPCVM;ATFund Instruments;EUR;LU;OUI;;Euronext;2026-08-04
LU1148873745;NEW MILLENNIUM AUG;NMHQB;OPCVM;ATFund Instruments;EUR;LU;OUI;;Euronext;2026-08-04
LU1148874040;NEW MILLENNIUM INF;NMILB;OPCVM;ATFund Instruments;EUR;LU;OUI;;Euronext;2026-08-04
LU1148874123;NEW MILLENNIUM EU;NMLEC;OPCVM;ATFund Instruments;EUR;LU;OUI;;Euronext;2026-08-04
LU1148874396;NEW MILLENNIUM AUG;NMCB;OPCVM;ATFund Instruments;EUR;LU;OUI;;Euronext;2026-08-04
LU1148874479;NEW MILLENNIUM ITA;NMIDB;OPCVM;ATFund Instruments;EUR;LU;OUI;;Euronext;2026-08-04
LU1148874552;NEW MILLENNIUM BAL;NMBWC;OPCVM;ATFund Instruments;EUR;LU;OUI;;Euronext;2026-08-04
LU1148874800;NEW MILLENNIUM VOL;NMVOL;OPCVM;ATFund Instruments;EUR;LU;OUI;;Euronext;2026-08-04
LU1176781729;PHARUS SICAV;HPSBAS;OPCVM;ATFund Instruments;EUR;LU;OUI;;Euronext;2026-08-04
LU1176783774;SUMUS STRATEGIC;HPSDYN;OPCVM;ATFund Instruments;EUR;LU;OUI;;Euronext;2026-08-04
LU1242466289;BASE INV BONDS VAL;BONVAL;OPCVM;ATFund Instruments;EUR;LU;OUI;;Euronext;2026-08-04
LU1242466875;BASE INV FLEX LOW;FLEXLO;OPCVM;ATFund Instruments;EUR;LU;OUI;;Euronext;2026-08-04
LU1246176264;SELECTRA J LAMARC;SELJLB;OPCVM;ATFund Instruments;EUR;LU;OUI;;Euronext;2026-08-04
LU1246176850;SELECTRA J LAMARCK;SELJLP;OPCVM;ATFund Instruments;EUR;LU;OUI;;Euronext;2026-08-04
LU1253867847;PHARUS TREND PL;PHSTPQ;OPCVM;ATFund Instruments;EUR;LU;OUI;;Euronext;2026-08-04
LU1275426275;COMPAM FUND-SB EQ;COMSBE;OPCVM;ATFund Instruments;EUR;LU;OUI;;Euronext;2026-08-04
LU1275426358;COMPAM FUND SB;COMSBF;OPCVM;ATFund Instruments;EUR;LU;OUI;;Euronext;2026-08-04
LU1275426432;COMPAM FUND - SB B;COMSBB;OPCVM;ATFund Instruments;EUR;LU;OUI;;Euronext;2026-08-04
LU1275426515;COMPAM GLOBAL DIV;COMGD0;OPCVM;ATFund Instruments;EUR;LU;OUI;;Euronext;2026-08-04
LU1363165751;NEW MILLEN MULTI;NMMAO;OPCVM;ATFund Instruments;EUR;LU;OUI;;Euronext;2026-08-04
LU1363165918;NEW MILLEN EVERG;NMEGH;OPCVM;ATFund Instruments;EUR;LU;OUI;;Euronext;2026-08-04
LU1371515534;PHARUS GLOBAL V EQ;PSGVQ;OPCVM;ATFund Instruments;EUR;LU;OUI;;Euronext;2026-08-04
LU1371515880;PHARUS GLOBAL V EQ;PSGVQH;OPCVM;ATFund Instruments;EUR;LU;OUI;;Euronext;2026-08-04
LU1397788552;FINLABO DYNAMIC EQ;FINLDE;OPCVM;ATFund Instruments;EUR;LU;OUI;;Euronext;2026-08-04
LU1437803767;PHARUS SICAV EU TR;PSEAFQ;OPCVM;ATFund Instruments;EUR;LU;OUI;;Euronext;2026-08-04
LU1468873846;COMPAM FUND SB CON;COMSBC;OPCVM;ATFund Instruments;EUR;LU;OUI;;Euronext;2026-08-04
LU1472302576;COMPAM FUND FLEX B;COMFB0;OPCVM;ATFund Instruments;EUR;LU;OUI;;Euronext;2026-08-04
LU1574104151;PHARUS GLOBAL V EQ;PSGQHD;OPCVM;ATFund Instruments;EUR;LU;OUI;;Euronext;2026-08-04
LU1602468800;NEW MILLENNIUM PIR;NMPBSI;OPCVM;ATFund Instruments;EUR;LU;OUI;;Euronext;2026-08-04
LU1769738383;COMPAM FUND GLOBAL;COMGFB;OPCVM;ATFund Instruments;EUR;LU;OUI;;Euronext;2026-08-04
LU1783934646;COMPAM FUND A G EQ;COMGEQ;OPCVM;ATFund Instruments;EUR;LU;OUI;;Euronext;2026-08-04
LU1867072495;SAFE SICAV-ELECTRI;PHSEMN;OPCVM;ATFund Instruments;EUR;LU;OUI;;Euronext;2026-08-04
LU1867072735;PHARUS ASIAN VALUE;PHSAN;OPCVM;ATFund Instruments;EUR;LU;OUI;;Euronext;2026-08-04
LU1868872802;PHARUS BEST REG. C;PHSTED;OPCVM;ATFund Instruments;EUR;LU;OUI;;Euronext;2026-08-04
LU2249747283;NEW MILLENNIUM TR;NMTRF;OPCVM;ATFund Instruments;EUR;LU;OUI;;Euronext;2026-08-04
LU2264552998;QSF -QUA FAM GLOB;QSFFGV;OPCVM;ATFund Instruments;EUR;LU;OUI;;Euronext;2026-08-04
LU2358390594;VARENNE VALEUR;VVAITA;OPCVM;ATFund Instruments;EUR;LU;OUI;;Euronext;2026-08-04
LU2550860493;SAFE ACT INC CLA Q;PHSAQ;OPCVM;ATFund Instruments;EUR;LU;OUI;;Euronext;2026-08-04
LU2837863583;QSF Fam Int Eq Acc;QSFFIE;OPCVM;ATFund Instruments;EUR;LU;OUI;;Euronext;2026-08-04
LU2837863666;QSF Fam Glob Q Acc;QSFFGB;OPCVM;ATFund Instruments;EUR;LU;OUI;;Euronext;2026-08-04
MT7000024006;AQA COLOMBO EXTR R;CXR;OPCVM;ATFund Instruments;EUR;MT;OUI;;Euronext;2026-08-04
MT7000039640;Eq Opp Class B EUR;RIEO1B;OPCVM;ATFund Instruments;EUR;MT;OUI;;Euronext;2026-08-04
NL0000286045;GS NORTH AMER FD;GSNA;OPCVM;Euronext Amsterdam;EUR;NL;OUI;;Euronext;2026-08-04
NL0000286318;GS EQ INV FD;GSEIF;OPCVM;Euronext Amsterdam;EUR;NL;OUI;;Euronext;2026-08-04
NL0000287084;OPTIMIX INCOM FD C;OPTIN;OPCVM;Euronext Amsterdam;EUR;NL;OUI;;Euronext;2026-08-04
NL0000287100;OPTIMIX MIX FD   E;OPTMF;OPCVM;Euronext Amsterdam;EUR;NL;OUI;;Euronext;2026-08-04
NL0000287126;OPTIMIX EMERG MKTS;OPEMF;OPCVM;Euronext Amsterdam;EUR;NL;OUI;;Euronext;2026-08-04
NL0000288736;ROLINCO CUMPREF;ROLPR;OPCVM;Euronext Amsterdam;EUR;NL;OUI;;Euronext;2026-08-04
NL0000289627;KEMPEN ORANGE FD;KORAF;OPCVM;Euronext Amsterdam;EUR;NL;OUI;;Euronext;2026-08-04
NL0000289783;Rob GSEF EUR E;ROBA;OPCVM;Euronext Amsterdam;EUR;NL;OUI;;Euronext;2026-08-04
NL0000289817;ROLINCO;ROLA;OPCVM;Euronext Amsterdam;EUR;NL;OUI;;Euronext;2026-08-04
NL0000289858;GS HOOG DIV A FD;GSHDA;OPCVM;Euronext Amsterdam;EUR;NL;OUI;;Euronext;2026-08-04
NL0000292225;GS EMERGING EUR FD;GSEEF;OPCVM;Euronext Amsterdam;EUR;NL;OUI;;Euronext;2026-08-04
NL0000292332;GS EUROPE FD;GSEUF;OPCVM;Euronext Amsterdam;EUR;NL;OUI;;Euronext;2026-08-04
NL0000292746;GS EUR DUUR AAN FD;GSEDA;OPCVM;Euronext Amsterdam;EUR;NL;OUI;;Euronext;2026-08-04
NL0000293140;GS DYN MIX FD I;GSDM1;OPCVM;Euronext Amsterdam;EUR;NL;OUI;;Euronext;2026-08-04
NL0000293157;GS DYN MIX FD II;GSDM2;OPCVM;Euronext Amsterdam;EUR;NL;OUI;;Euronext;2026-08-04
NL0000293165;GS DYN MIX FD III;GSDM3;OPCVM;Euronext Amsterdam;EUR;NL;OUI;;Euronext;2026-08-04
NL0000293173;GS DYN MIX FD IV;GSDM4;OPCVM;Euronext Amsterdam;EUR;NL;OUI;;Euronext;2026-08-04
NL0000293181;GS DYN MIX FD V;GSDM5;OPCVM;Euronext Amsterdam;EUR;NL;OUI;;Euronext;2026-08-04
NL0000293348;KE EUR HGHDV FD N;KEHDF;OPCVM;Euronext Amsterdam;EUR;NL;OUI;;Euronext;2026-08-04
NL0000440204;TRIODOS GROENFONDS;TRIGF;OPCVM;Euronext Amsterdam;EUR;NL;OUI;;Euronext;2026-08-04
NL0000440675;KEMPEN ORANJE PART;KORPT;OPCVM;Euronext Amsterdam;EUR;NL;OUI;;Euronext;2026-08-04
NL0000442077;GS WERELD MIX FD;GSMIX;OPCVM;Euronext Amsterdam;EUR;NL;OUI;;Euronext;2026-08-04
NL0000442101;GS EUR RENTE FD;GSLRF;OPCVM;Euronext Amsterdam;EUR;NL;OUI;;Euronext;2026-08-04
NL0006089229;KEMPEN GBL HDiv N;KGHDF;OPCVM;Euronext Amsterdam;EUR;NL;OUI;;Euronext;2026-08-04
NL0006238131;ROB AFRIKA FONDS;RAFRI;OPCVM;Euronext Amsterdam;EUR;NL;OUI;;Euronext;2026-08-04
NL0006294092;BNP ESG GPS IND FD;BGPSF;OPCVM;Euronext Amsterdam;EUR;NL;OUI;;Euronext;2026-08-04
NL0006294167;BNP GL IN MF EQ FD;BGHEF;OPCVM;Euronext Amsterdam;EUR;NL;OUI;;Euronext;2026-08-04
NL0006311706;Arcona Property Fd;ARCPF;OPCVM;Euronext Amsterdam;EUR;NL;OUI;;Euronext;2026-08-04
NL0006311730;GS EUR SM CAPS FD;GSESC;OPCVM;Euronext Amsterdam;EUR;NL;OUI;;Euronext;2026-08-04
NL0006311771;GS ENH INDX SUS EM;GSEME;OPCVM;Euronext Amsterdam;EUR;NL;OUI;;Euronext;2026-08-04
NL0006311789;GS DUURZAAM AAN FD;GSDZA;OPCVM;Euronext Amsterdam;EUR;NL;OUI;;Euronext;2026-08-04
NL0006311797;GS EUR OBLIG FD;GSEOF;OPCVM;Euronext Amsterdam;EUR;NL;OUI;;Euronext;2026-08-04
NL0006311805;GS GLOBAL FD;GSGLF;OPCVM;Euronext Amsterdam;EUR;NL;OUI;;Euronext;2026-08-04
NL0006311813;GS GLOB HIYIELD FD;GSGHY;OPCVM;Euronext Amsterdam;EUR;NL;OUI;;Euronext;2026-08-04
NL0006311839;GS GLOB OBL FD;GSGLO;OPCVM;Euronext Amsterdam;EUR;NL;OUI;;Euronext;2026-08-04
NL0006311847;GS GLOB R ESTAT FD;GSGLR;OPCVM;Euronext Amsterdam;EUR;NL;OUI;;Euronext;2026-08-04
NL0006311862;GS LION FD;GSLF;OPCVM;Euronext Amsterdam;EUR;NL;OUI;;Euronext;2026-08-04
NL0009265404;GS GLOB OPPORT FD;GSGOF;OPCVM;Euronext Amsterdam;EUR;NL;OUI;;Euronext;2026-08-04
NL0009388743;ADD VALUE FUND;AVFNV;OPCVM;Euronext Amsterdam;EUR;NL;OUI;;Euronext;2026-08-04
NL0010558805;OPT EuroRente Fd;OPERF;OPCVM;Euronext Amsterdam;EUR;NL;OUI;;Euronext;2026-08-04
NL0010558813;OPT Wereld Aand Fd;OPWAF;OPCVM;Euronext Amsterdam;EUR;NL;OUI;;Euronext;2026-08-04
NL0010579090;CARDANO EUR CREDIT;AIEC;OPCVM;Euronext Amsterdam;EUR;NL;OUI;;Euronext;2026-08-04
NL0010579124;CARDANO SDG EQ GLO;AVWA;OPCVM;Euronext Amsterdam;EUR;NL;OUI;;Euronext;2026-08-04
NL0010579157;CARDANO MIX DEFENS;AVMD;OPCVM;Euronext Amsterdam;EUR;NL;OUI;;Euronext;2026-08-04
NL0010579165;CARDANO MIX NEUTRA;AVMN;OPCVM;Euronext Amsterdam;EUR;NL;OUI;;Euronext;2026-08-04
NL0010579173;CARDANO MIX OFFENS;AVMO;OPCVM;Euronext Amsterdam;EUR;NL;OUI;;Euronext;2026-08-04
NL0010619748;US CONSERV HD EQ G;ROBC;OPCVM;Euronext Amsterdam;EUR;NL;OUI;;Euronext;2026-08-04
NL0010831046;US LARGE CAP EQ G;BOBL;OPCVM;Euronext Amsterdam;EUR;NL;OUI;;Euronext;2026-08-04
NL0011309349;CARDANO IND GLOBAL;AVIAW;OPCVM;Euronext Amsterdam;EUR;NL;OUI;;Euronext;2026-08-04
NL0011327432;Triodos Mult Impac;TMIF;OPCVM;Euronext Amsterdam;EUR;NL;OUI;;Euronext;2026-08-04
NL0011354865;RG WOCE E G;ROCO;OPCVM;Euronext Amsterdam;EUR;NL;OUI;;Euronext;2026-08-04
NL0012044739;KGPFN;KGPFN;OPCVM;Euronext Amsterdam;EUR;NL;OUI;;Euronext;2026-08-04
NL0012125736;GS ENH INDX SUS EQ;GSESA;OPCVM;Euronext Amsterdam;EUR;NL;OUI;;Euronext;2026-08-04
NL0012727432;BNP NL;BNPNL;OPCVM;Euronext Amsterdam;EUR;NL;OUI;;Euronext;2026-08-04
NL0012817134;GS EUR DEELN FD;GSED;OPCVM;Euronext Amsterdam;EUR;NL;OUI;;Euronext;2026-08-04
NL0013087968;TRI FAIR SHARE FND;TFSF;OPCVM;Euronext Amsterdam;EUR;NL;OUI;;Euronext;2026-08-04
NL0013689193;MMEQ;BSEQ;OPCVM;Euronext Amsterdam;EUR;NL;OUI;;Euronext;2026-08-04
NL0013689201;MMBAL;BSBAL;OPCVM;Euronext Amsterdam;EUR;NL;OUI;;Euronext;2026-08-04
NL0013689219;DEFBAL;MMDFB;OPCVM;Euronext Amsterdam;EUR;NL;OUI;;Euronext;2026-08-04
NL0013689227;DEF;BSDEF;OPCVM;Euronext Amsterdam;EUR;NL;OUI;;Euronext;2026-08-04
NL0013908692;TRI RENEW EUROP FD;TETEF;OPCVM;Euronext Amsterdam;EUR;NL;OUI;;Euronext;2026-08-04
NL0014270209;ASNU OBLIGATIEFOND;ASNOB;OPCVM;Euronext Amsterdam;EUR;NL;OUI;;Euronext;2026-08-04
NL0014270217;ASNU SMALL MIDCAPF;ASN5;OPCVM;Euronext Amsterdam;EUR;NL;OUI;;Euronext;2026-08-04
NL0014270225;ASNU AANDELENFONDS;ASN;OPCVM;Euronext Amsterdam;EUR;NL;OUI;;Euronext;2026-08-04
NL0014270233;ASNU MILIEU WATER;ASNML;OPCVM;Euronext Amsterdam;EUR;NL;OUI;;Euronext;2026-08-04
NL0014270258;ASN Energie&Innov;ASNGF;OPCVM;Euronext Amsterdam;EUR;NL;OUI;;Euronext;2026-08-04
NL0014270266;ASN Microkred. fnd;ASNMF;OPCVM;Euronext Amsterdam;EUR;NL;OUI;;Euronext;2026-08-04
NL0014270274;ASN MIXF ZEER DEF;ASNZD;OPCVM;Euronext Amsterdam;EUR;NL;OUI;;Euronext;2026-08-04
NL0014270282;ASN MIXF DEFENSIEF;ASND;OPCVM;Euronext Amsterdam;EUR;NL;OUI;;Euronext;2026-08-04
NL0014270290;ASN MIXF NEUTRAAL;ASNN;OPCVM;Euronext Amsterdam;EUR;NL;OUI;;Euronext;2026-08-04
NL0014270308;ASN MIXF OFFENSIEF;ASNO;OPCVM;Euronext Amsterdam;EUR;NL;OUI;;Euronext;2026-08-04
NL0014270316;ASN MIXF ZEER OFF;ASNZO;OPCVM;Euronext Amsterdam;EUR;NL;OUI;;Euronext;2026-08-04
NL0014332553;CARDANO IND EUROPE;ADIAE;OPCVM;Euronext Amsterdam;EUR;NL;OUI;;Euronext;2026-08-04
NL0014332561;CARDANO INDEX NA;ADIAN;OPCVM;Euronext Amsterdam;EUR;NL;OUI;;Euronext;2026-08-04
NL0014332579;CARDANO IND PAC;ADIAP;OPCVM;Euronext Amsterdam;EUR;NL;OUI;;Euronext;2026-08-04
NL0014332587;CARDANO INDEX EM;ADIAO;OPCVM;Euronext Amsterdam;EUR;NL;OUI;;Euronext;2026-08-04
NL0014926404;KEMPEN SUST GHDF N;KSGHD;OPCVM;Euronext Amsterdam;EUR;NL;OUI;;Euronext;2026-08-04
NL0015000GU4;CARDANO IFIF;CIFIF;OPCVM;Euronext Amsterdam;EUR;NL;OUI;;Euronext;2026-08-04
NL0015000W73;DFIS2;DFIS2;OPCVM;Euronext Amsterdam;EUR;NL;OUI;;Euronext;2026-08-04
NL0015002OB4;OBAM N.V.;OBAM;OPCVM;Euronext Amsterdam;EUR;NL;OUI;;Euronext;2026-08-04
NL0015002QB9;IC N-Am Eq ESG Idx;ICINA;OPCVM;Euronext Amsterdam;EUR;NL;OUI;;Euronext;2026-08-04
NL0015002QC7;IC Eur Eq ESG Idx;ICIEU;OPCVM;Euronext Amsterdam;EUR;NL;OUI;;Euronext;2026-08-04
NL0015063751;Cardano ESGT EMD;CEMD;OPCVM;Euronext Amsterdam;EUR;NL;OUI;;Euronext;2026-08-04
NL0015073U44;AGHY FUND;AGHY;OPCVM;Euronext Amsterdam;EUR;NL;OUI;;Euronext;2026-08-04
NL0015602392;GS ENH INDX SNA EQ;GSENH;OPCVM;Euronext Amsterdam;EUR;NL;OUI;;Euronext;2026-08-04
PTGFIBIM0004;FUNDIESTAMO I;GFIBI;OPCVM;Euronext Lisbon;EUR;PT;OUI;;Euronext;2026-08-04
